{"cameraMode":{"drawMode":0,"name":"Shaded","section":"Shading Mode"},"sceneLighting":true,"audioPlay":false,"sceneViewState":{"m_AlwaysRefresh":false,"showFog":true,"showSkybox":true,"showFlares":true,"showImageEffects":true,"showParticleSystems":true,"showVisualEffectGraphs":true,"m_FxEnabled":true},"in2DMode":false,"pivot":{"x":-1.7134218215942383,"y":-0.19901180267333985,"z":-0.48999929428100588},"rotation":{"x":0.13143064081668855,"y":-0.5935652256011963,"z":0.10532904416322708,"w":0.7869652509689331},"size":8.923247337341309,"orthographic":false}